-- phpMyAdmin SQL Dump
-- version 5.2.0
-- https://www.phpmyadmin.net/
--
-- Servidor: 127.0.0.1
-- Tiempo de generación: 18-02-2023 a las 23:01:57
-- Versión del servidor: 10.4.27-MariaDB
-- Versión de PHP: 8.2.0

SET SQL_MODE = "NO_AUTO_VALUE_ON_ZERO";
START TRANSACTION;
SET time_zone = "+00:00";


/*!40101 SET @OLD_CHARACTER_SET_CLIENT=@@CHARACTER_SET_CLIENT */;
/*!40101 SET @OLD_CHARACTER_SET_RESULTS=@@CHARACTER_SET_RESULTS */;
/*!40101 SET @OLD_COLLATION_CONNECTION=@@COLLATION_CONNECTION */;
/*!40101 SET NAMES utf8mb4 */;

--
-- Base de datos: `empresa`
--

-- --------------------------------------------------------

--
-- Estructura de tabla para la tabla `clientes`
--

CREATE TABLE `clientes` (
  `id` int(11) NOT NULL,
  `dni` varchar(45) DEFAULT NULL,
  `nombre` varchar(45) DEFAULT NULL,
  `telefono` int(12) DEFAULT NULL,
  `correo` varchar(45) DEFAULT NULL,
  `cuenta_corriente` varchar(45) DEFAULT NULL,
  `pais` varchar(45) DEFAULT NULL,
  `moneda` varchar(45) DEFAULT NULL,
  `importe_mensual` varchar(45) DEFAULT NULL,
  `created_at` datetime DEFAULT NULL,
  `updated_at` datetime DEFAULT NULL,
  `deleted_at` datetime DEFAULT NULL
) ENGINE=InnoDB DEFAULT CHARSET=utf8 COLLATE=utf8_spanish2_ci;

--
-- Volcado de datos para la tabla `clientes`
--

INSERT INTO `clientes` (`id`, `dni`, `nombre`, `telefono`, `correo`, `cuenta_corriente`, `pais`, `moneda`, `importe_mensual`, `created_at`, `updated_at`, `deleted_at`) VALUES
(1, '49958855X', 'Jesus', 123456789, 'jesus@gmail.com', '123', 'Espana', 'Euro', NULL, NULL, '2023-02-17 12:56:10', '2023-02-17 12:56:10'),
(3, '77750726P', 'Marc', 625280695, 'marc@gmail.com', 'ES49123412341234', 'España', 'EUR', '10', NULL, NULL, NULL),
(4, '50496027X', 'Lara', 625270492, 'lara@gmail.com', 'ES49123123123', 'Japón', 'JPY', '10', NULL, NULL, NULL),
(5, '77750726P', 'Jesus', 965678921, 'jesus@gmail.com', 'ES49123123123', 'Andorra', 'EUR', '10', NULL, NULL, NULL);

-- --------------------------------------------------------

--
-- Estructura de tabla para la tabla `cuotas`
--

CREATE TABLE `cuotas` (
  `id` int(11) NOT NULL,
  `concepto` varchar(45) DEFAULT NULL,
  `fecha_emision` datetime DEFAULT NULL,
  `importe` int(11) DEFAULT NULL,
  `pagada` varchar(45) DEFAULT NULL,
  `fecha_pago` datetime DEFAULT NULL,
  `notas` varchar(45) DEFAULT NULL,
  `clientes_id` int(11) NOT NULL,
  `updated_at` datetime DEFAULT NULL,
  `deleted_at` datetime DEFAULT NULL
) ENGINE=InnoDB DEFAULT CHARSET=utf8 COLLATE=utf8_spanish2_ci;

--
-- Volcado de datos para la tabla `cuotas`
--

INSERT INTO `cuotas` (`id`, `concepto`, `fecha_emision`, `importe`, `pagada`, `fecha_pago`, `notas`, `clientes_id`, `updated_at`, `deleted_at`) VALUES
(1, 'test', '2023-02-18 22:39:59', 60, 'No', NULL, 'test', 4, '2023-02-18 23:01:00', '2023-02-18 23:01:00');

-- --------------------------------------------------------

--
-- Estructura de tabla para la tabla `failed_jobs`
--

CREATE TABLE `failed_jobs` (
  `id` bigint(20) UNSIGNED NOT NULL,
  `uuid` varchar(255) NOT NULL,
  `connection` text NOT NULL,
  `queue` text NOT NULL,
  `payload` longtext NOT NULL,
  `exception` longtext NOT NULL,
  `failed_at` timestamp NOT NULL DEFAULT current_timestamp()
) ENGINE=InnoDB DEFAULT CHARSET=utf8mb4 COLLATE=utf8mb4_unicode_ci;

-- --------------------------------------------------------

--
-- Estructura de tabla para la tabla `migrations`
--

CREATE TABLE `migrations` (
  `id` int(10) UNSIGNED NOT NULL,
  `migration` varchar(255) NOT NULL,
  `batch` int(11) NOT NULL
) ENGINE=InnoDB DEFAULT CHARSET=utf8mb4 COLLATE=utf8mb4_unicode_ci;

--
-- Volcado de datos para la tabla `migrations`
--

INSERT INTO `migrations` (`id`, `migration`, `batch`) VALUES
(1, '2014_10_12_000000_create_users_table', 1),
(2, '2014_10_12_100000_create_password_resets_table', 1),
(3, '2019_08_19_000000_create_failed_jobs_table', 1),
(4, '2019_12_14_000001_create_personal_access_tokens_table', 1);

-- --------------------------------------------------------

--
-- Estructura de tabla para la tabla `paises`
--

CREATE TABLE `paises` (
  `id` smallint(3) UNSIGNED ZEROFILL NOT NULL,
  `iso2` char(2) NOT NULL,
  `iso3` char(3) NOT NULL,
  `prefijo` smallint(5) UNSIGNED NOT NULL,
  `nombre` varchar(100) NOT NULL,
  `continente` varchar(16) DEFAULT NULL,
  `subcontinente` varchar(32) DEFAULT NULL,
  `iso_moneda` varchar(3) DEFAULT NULL,
  `nombre_moneda` varchar(100) DEFAULT NULL
) ENGINE=InnoDB DEFAULT CHARSET=utf8 COLLATE=utf8_spanish_ci;

--
-- Volcado de datos para la tabla `paises`
--

INSERT INTO `paises` (`id`, `iso2`, `iso3`, `prefijo`, `nombre`, `continente`, `subcontinente`, `iso_moneda`, `nombre_moneda`) VALUES
(004, 'AF', 'AFG', 93, 'Afganistán', 'Asia', NULL, 'AFN', 'Afgani afgano'),
(008, 'AL', 'ALB', 355, 'Albania', 'Europa', NULL, 'ALL', 'Lek albanés'),
(010, 'AQ', 'ATA', 672, 'Antártida', 'Antártida', NULL, NULL, NULL),
(012, 'DZ', 'DZA', 213, 'Argelia', 'África', NULL, 'DZD', 'Dinar algerino'),
(016, 'AS', 'ASM', 1684, 'Samoa Americana', 'Oceanía', NULL, NULL, NULL),
(020, 'AD', 'AND', 376, 'Andorra', 'Europa', NULL, 'EUR', 'Euro'),
(024, 'AO', 'AGO', 244, 'Angola', 'África', NULL, 'AOA', 'Kwanza angoleño'),
(028, 'AG', 'ATG', 1268, 'Antigua y Barbuda', 'América', 'El Caribe', NULL, NULL),
(031, 'AZ', 'AZE', 994, 'Azerbaiyán', 'Asia', NULL, 'AZM', 'Manat azerbaiyano'),
(032, 'AR', 'ARG', 54, 'Argentina', 'América', 'América del Sur', 'ARS', 'Peso argentino'),
(036, 'AU', 'AUS', 61, 'Australia', 'Oceanía', NULL, 'AUD', 'Dólar australiano'),
(040, 'AT', 'AUT', 43, 'Austria', 'Europa', NULL, 'EUR', 'Euro'),
(044, 'BS', 'BHS', 1242, 'Bahamas', 'América', 'El Caribe', 'BSD', 'Dólar bahameño'),
(048, 'BH', 'BHR', 973, 'Bahréin', 'Asia', NULL, 'BHD', 'Dinar bahreiní'),
(050, 'BD', 'BGD', 880, 'Bangladesh', 'Asia', NULL, 'BDT', 'Taka de Bangladesh'),
(051, 'AM', 'ARM', 374, 'Armenia', 'Asia', NULL, 'AMD', 'Dram armenio'),
(052, 'BB', 'BRB', 1246, 'Barbados', 'América', 'El Caribe', 'BBD', 'Dólar de Barbados'),
(056, 'BE', 'BEL', 32, 'Bélgica', 'Europa', NULL, 'EUR', 'Euro'),
(060, 'BM', 'BMU', 1441, 'Bermudas', 'América', 'El Caribe', 'BMD', 'Dólar de Bermuda'),
(064, 'BT', 'BTN', 975, 'Bhután', 'Asia', NULL, 'BTN', 'Ngultrum de Bután'),
(068, 'BO', 'BOL', 591, 'Bolivia', 'América', 'América del Sur', 'BOB', 'Boliviano'),
(070, 'BA', 'BIH', 387, 'Bosnia y Herzegovina', 'Europa', NULL, 'BAM', 'Marco convertible de Bosnia-Herzegovina'),
(072, 'BW', 'BWA', 267, 'Botsuana', 'África', NULL, 'BWP', 'Pula de Botsuana'),
(074, 'BV', 'BVT', 0, 'Isla Bouvet', NULL, NULL, NULL, NULL),
(076, 'BR', 'BRA', 55, 'Brasil', 'América', 'América del Sur', 'BRL', 'Real brasileño'),
(084, 'BZ', 'BLZ', 501, 'Belice', 'América', 'América Central', 'BZD', 'Dólar de Belice'),
(086, 'IO', 'IOT', 0, 'Territorio Británico del Océano Índico', NULL, NULL, NULL, NULL),
(090, 'SB', 'SLB', 677, 'Islas Salomón', 'Oceanía', NULL, 'SBD', 'Dólar de las Islas Salomón'),
(092, 'VG', 'VGB', 1284, 'Islas Vírgenes Británicas', 'América', 'El Caribe', NULL, NULL),
(096, 'BN', 'BRN', 673, 'Brunéi', 'Asia', NULL, 'BND', 'Dólar de Brunéi'),
(100, 'BG', 'BGR', 359, 'Bulgaria', 'Europa', NULL, 'BGN', 'Lev búlgaro'),
(104, 'MM', 'MMR', 95, 'Myanmar', 'Asia', NULL, 'MMK', 'Kyat birmano'),
(108, 'BI', 'BDI', 257, 'Burundi', 'África', NULL, 'BIF', 'Franco burundés'),
(112, 'BY', 'BLR', 375, 'Bielorrusia', 'Europa', NULL, 'BYR', 'Rublo bielorruso'),
(116, 'KH', 'KHM', 855, 'Camboya', 'Asia', NULL, 'KHR', 'Riel camboyano'),
(120, 'CM', 'CMR', 237, 'Camerún', 'África', NULL, NULL, NULL),
(124, 'CA', 'CAN', 1, 'Canadá', 'América', 'América del Norte', 'CAD', 'Dólar canadiense'),
(132, 'CV', 'CPV', 238, 'Cabo Verde', 'África', NULL, 'CVE', 'Escudo caboverdiano'),
(136, 'KY', 'CYM', 1345, 'Islas Caimán', 'América', 'El Caribe', 'KYD', 'Dólar caimano (de Islas Caimán)'),
(140, 'CF', 'CAF', 236, 'República Centroafricana', 'África', NULL, NULL, NULL),
(144, 'LK', 'LKA', 94, 'Sri Lanka', 'Asia', NULL, 'LKR', 'Rupia de Sri Lanka'),
(148, 'TD', 'TCD', 235, 'Chad', 'África', NULL, NULL, NULL),
(152, 'CL', 'CHL', 56, 'Chile', 'América', 'América del Sur', 'CLP', 'Peso chileno'),
(156, 'CN', 'CHN', 86, 'China', 'Asia', NULL, 'CNY', 'Yuan Renminbi de China'),
(158, 'TW', 'TWN', 886, 'Taiwán', 'Asia', NULL, 'TWD', 'Dólar taiwanés'),
(162, 'CX', 'CXR', 61, 'Isla de Navidad', 'Oceanía', NULL, NULL, NULL),
(166, 'CC', 'CCK', 61, 'Islas Cocos', 'Óceanía', NULL, NULL, NULL),
(170, 'CO', 'COL', 57, 'Colombia', 'América', 'América del Sur', 'COP', 'Peso colombiano'),
(174, 'KM', 'COM', 269, 'Comoras', 'África', NULL, 'KMF', 'Franco comoriano (de Comoras)'),
(175, 'YT', 'MYT', 262, 'Mayotte', 'África', NULL, NULL, NULL),
(178, 'CG', 'COG', 242, 'Congo', 'África', NULL, NULL, NULL),
(180, 'CD', 'COD', 243, 'República Democrática del Congo', 'África', NULL, 'CDF', 'Franco congoleño'),
(184, 'CK', 'COK', 682, 'Islas Cook', 'Oceanía', NULL, NULL, NULL),
(188, 'CR', 'CRI', 506, 'Costa Rica', 'América', 'América Central', 'CRC', 'Colón costarricense'),
(191, 'HR', 'HRV', 385, 'Croacia', 'Europa', NULL, 'HRK', 'Kuna croata'),
(192, 'CU', 'CUB', 53, 'Cuba', 'América', 'El Caribe', 'CUP', 'Peso cubano'),
(196, 'CY', 'CYP', 357, 'Chipre', 'Europa', NULL, 'CYP', 'Libra chipriota'),
(203, 'CZ', 'CZE', 420, 'República Checa', 'Europa', NULL, 'CZK', 'Koruna checa'),
(204, 'BJ', 'BEN', 229, 'Benín', 'África', NULL, NULL, NULL),
(208, 'DK', 'DNK', 45, 'Dinamarca', 'Europa', NULL, 'DKK', 'Corona danesa'),
(212, 'DM', 'DMA', 1767, 'Dominica', 'América', 'El Caribe', NULL, NULL),
(214, 'DO', 'DOM', 1809, 'República Dominicana', 'América', 'El Caribe', 'DOP', 'Peso dominicano'),
(218, 'EC', 'ECU', 593, 'Ecuador', 'América', 'América del Sur', NULL, NULL),
(222, 'SV', 'SLV', 503, 'El Salvador', 'América', 'América Central', 'SVC', 'Colón salvadoreño'),
(226, 'GQ', 'GNQ', 240, 'Guinea Ecuatorial', 'África', NULL, NULL, NULL),
(231, 'ET', 'ETH', 251, 'Etiopía', 'África', NULL, 'ETB', 'Birr etíope'),
(232, 'ER', 'ERI', 291, 'Eritrea', 'África', NULL, 'ERN', 'Nakfa eritreo'),
(233, 'EE', 'EST', 372, 'Estonia', 'Europa', NULL, 'EEK', 'Corona estonia'),
(234, 'FO', 'FRO', 298, 'Islas Feroe', 'Europa', NULL, NULL, NULL),
(238, 'FK', 'FLK', 500, 'Islas Malvinas', 'América', 'América del Sur', 'FKP', 'Libra malvinense'),
(239, 'GS', 'SGS', 0, 'Islas Georgias del Sur y Sandwich del Sur', 'América', 'América del Sur', NULL, NULL),
(242, 'FJ', 'FJI', 679, 'Fiyi', 'Oceanía', NULL, 'FJD', 'Dólar fijiano'),
(246, 'FI', 'FIN', 358, 'Finlandia', 'Europa', NULL, 'EUR', 'Euro'),
(248, 'AX', 'ALA', 0, 'Islas Gland', 'Europa', NULL, NULL, NULL),
(250, 'FR', 'FRA', 33, 'Francia', 'Europa', NULL, 'EUR', 'Euro'),
(254, 'GF', 'GUF', 0, 'Guayana Francesa', 'América', 'América del Sur', NULL, NULL),
(258, 'PF', 'PYF', 689, 'Polinesia Francesa', 'Oceanía', NULL, NULL, NULL),
(260, 'TF', 'ATF', 0, 'Territorios Australes Franceses', NULL, NULL, NULL, NULL),
(262, 'DJ', 'DJI', 253, 'Yibuti', 'África', NULL, 'DJF', 'Franco yibutiano'),
(266, 'GA', 'GAB', 241, 'Gabón', 'África', NULL, NULL, NULL),
(268, 'GE', 'GEO', 995, 'Georgia', 'Europa', NULL, 'GEL', 'Lari georgiano'),
(270, 'GM', 'GMB', 220, 'Gambia', 'África', NULL, 'GMD', 'Dalasi gambiano'),
(275, 'PS', 'PSE', 0, 'Palestina', 'Asia', NULL, NULL, NULL),
(276, 'DE', 'DEU', 49, 'Alemania', 'Europa', NULL, 'EUR', 'Euro'),
(288, 'GH', 'GHA', 233, 'Ghana', 'África', NULL, 'GHC', 'Cedi ghanés'),
(292, 'GI', 'GIB', 350, 'Gibraltar', 'Europa', NULL, 'GIP', 'Libra de Gibraltar'),
(296, 'KI', 'KIR', 686, 'Kiribati', 'Oceanía', NULL, NULL, NULL),
(300, 'GR', 'GRC', 30, 'Grecia', 'Europa', NULL, 'EUR', 'Euro'),
(304, 'GL', 'GRL', 299, 'Groenlandia', 'América', 'América del Norte', NULL, NULL),
(308, 'GD', 'GRD', 1473, 'Granada', 'América', 'El Caribe', NULL, NULL),
(312, 'GP', 'GLP', 0, 'Guadalupe', 'América', 'El Caribe', NULL, NULL),
(316, 'GU', 'GUM', 1671, 'Guam', 'Oceanía', NULL, NULL, NULL),
(320, 'GT', 'GTM', 502, 'Guatemala', 'América', 'América Central', 'GTQ', 'Quetzal guatemalteco'),
(324, 'GN', 'GIN', 224, 'Guinea', 'África', NULL, 'GNF', 'Franco guineano'),
(328, 'GY', 'GUY', 592, 'Guyana', 'América', 'América del Sur', 'GYD', 'Dólar guyanés'),
(332, 'HT', 'HTI', 509, 'Haití', 'América', 'El Caribe', 'HTG', 'Gourde haitiano'),
(334, 'HM', 'HMD', 0, 'Islas Heard y McDonald', 'Oceanía', NULL, NULL, NULL),
(336, 'VA', 'VAT', 39, 'Ciudad del Vaticano', 'Europa', NULL, NULL, NULL),
(340, 'HN', 'HND', 504, 'Honduras', 'América', 'América Central', 'HNL', 'Lempira hondureño'),
(344, 'HK', 'HKG', 852, 'Hong Kong', 'Asia', NULL, 'HKD', 'Dólar de Hong Kong'),
(348, 'HU', 'HUN', 36, 'Hungría', 'Europa', NULL, 'HUF', 'Forint húngaro'),
(352, 'IS', 'ISL', 354, 'Islandia', 'Europa', NULL, 'ISK', 'Króna islandesa'),
(356, 'IN', 'IND', 91, 'India', 'Asia', NULL, 'INR', 'Rupia india'),
(360, 'ID', 'IDN', 62, 'Indonesia', 'Asia', NULL, 'IDR', 'Rupiah indonesia'),
(364, 'IR', 'IRN', 98, 'Irán', 'Asia', NULL, 'IRR', 'Rial iraní'),
(368, 'IQ', 'IRQ', 964, 'Iraq', 'Asia', NULL, 'IQD', 'Dinar iraquí'),
(372, 'IE', 'IRL', 353, 'Irlanda', 'Europa', NULL, 'EUR', 'Euro'),
(376, 'IL', 'ISR', 972, 'Israel', 'Asia', NULL, 'ILS', 'Nuevo shéquel israelí'),
(380, 'IT', 'ITA', 39, 'Italia', 'Europa', NULL, 'EUR', 'Euro'),
(384, 'CI', 'CIV', 225, 'Costa de Marfil', 'África', NULL, NULL, NULL),
(388, 'JM', 'JAM', 1876, 'Jamaica', 'América', 'El Caribe', 'JMD', 'Dólar jamaicano'),
(392, 'JP', 'JPN', 81, 'Japón', 'Asia', NULL, 'JPY', 'Yen japonés'),
(398, 'KZ', 'KAZ', 7, 'Kazajstán', 'Asia', NULL, 'KZT', 'Tenge kazajo'),
(400, 'JO', 'JOR', 962, 'Jordania', 'Asia', NULL, 'JOD', 'Dinar jordano'),
(404, 'KE', 'KEN', 254, 'Kenia', 'África', NULL, 'KES', 'Chelín keniata'),
(408, 'KP', 'PRK', 850, 'Corea del Norte', 'Asia', NULL, 'KPW', 'Won norcoreano'),
(410, 'KR', 'KOR', 82, 'Corea del Sur', 'Asia', NULL, 'KRW', 'Won surcoreano'),
(414, 'KW', 'KWT', 965, 'Kuwait', 'Asia', NULL, 'KWD', 'Dinar kuwaití'),
(417, 'KG', 'KGZ', 996, 'Kirguistán', 'Asia', NULL, 'KGS', 'Som kirguís (de Kirguistán)'),
(418, 'LA', 'LAO', 856, 'Laos', 'Asia', NULL, 'LAK', 'Kip lao'),
(422, 'LB', 'LBN', 961, 'Líbano', 'Asia', NULL, 'LBP', 'Libra libanesa'),
(426, 'LS', 'LSO', 266, 'Lesotho', 'África', NULL, 'LSL', 'Loti lesotense'),
(428, 'LV', 'LVA', 371, 'Letonia', 'Europa', NULL, 'LVL', 'Lat letón'),
(430, 'LR', 'LBR', 231, 'Liberia', 'África', NULL, 'LRD', 'Dólar liberiano'),
(434, 'LY', 'LBY', 218, 'Libia', 'África', NULL, 'LYD', 'Dinar libio'),
(438, 'LI', 'LIE', 423, 'Liechtenstein', 'Europa', NULL, NULL, NULL),
(440, 'LT', 'LTU', 370, 'Lituania', 'Europa', NULL, 'LTL', 'Litas lituano'),
(442, 'LU', 'LUX', 352, 'Luxemburgo', 'Europa', NULL, 'EUR', 'Euro'),
(446, 'MO', 'MAC', 853, 'Macao', 'Asia', NULL, 'MOP', 'Pataca de Macao'),
(450, 'MG', 'MDG', 261, 'Madagascar', 'África', NULL, 'MGA', 'Ariary malgache'),
(454, 'MW', 'MWI', 265, 'Malaui', 'África', NULL, 'MWK', 'Kwacha malauiano'),
(458, 'MY', 'MYS', 60, 'Malasia', 'Asia', NULL, 'MYR', 'Ringgit malayo'),
(462, 'MV', 'MDV', 960, 'Maldivas', 'Asia', NULL, 'MVR', 'Rufiyaa maldiva'),
(466, 'ML', 'MLI', 223, 'Malí', 'África', NULL, NULL, NULL),
(470, 'MT', 'MLT', 356, 'Malta', 'Europa', NULL, 'MTL', 'Lira maltesa'),
(474, 'MQ', 'MTQ', 0, 'Martinica', 'América', 'El Caribe', NULL, NULL),
(478, 'MR', 'MRT', 222, 'Mauritania', 'África', NULL, 'MRO', 'Ouguiya mauritana'),
(480, 'MU', 'MUS', 230, 'Mauricio', 'África', NULL, 'MUR', 'Rupia mauricia'),
(484, 'MX', 'MEX', 52, 'México', 'América', 'América del Norte', 'MXN', 'Peso mexicano'),
(492, 'MC', 'MCO', 377, 'Mónaco', 'Europa', NULL, NULL, NULL),
(496, 'MN', 'MNG', 976, 'Mongolia', 'Asia', NULL, 'MNT', 'Tughrik mongol'),
(498, 'MD', 'MDA', 373, 'Moldavia', 'Europa', NULL, 'MDL', 'Leu moldavo'),
(499, 'ME', 'MNE', 382, 'Montenegro', 'Europa', NULL, NULL, NULL),
(500, 'MS', 'MSR', 1664, 'Montserrat', 'América', 'El Caribe', NULL, NULL),
(504, 'MA', 'MAR', 212, 'Marruecos', 'África', NULL, 'MAD', 'Dirham marroquí'),
(508, 'MZ', 'MOZ', 258, 'Mozambique', 'África', NULL, 'MZM', 'Metical mozambiqueño'),
(512, 'OM', 'OMN', 968, 'Omán', 'Asia', NULL, 'OMR', 'Rial omaní'),
(516, 'NA', 'NAM', 264, 'Namibia', 'África', NULL, 'NAD', 'Dólar namibio'),
(520, 'NR', 'NRU', 674, 'Nauru', 'Oceanía', NULL, NULL, NULL),
(524, 'NP', 'NPL', 977, 'Nepal', 'Asia', NULL, 'NPR', 'Rupia nepalesa'),
(528, 'NL', 'NLD', 31, 'Países Bajos', 'Europa', NULL, 'EUR', 'Euro'),
(530, 'AN', 'ANT', 599, 'Antillas Holandesas', 'América', 'El Caribe', 'ANG', 'Florín antillano neerlandés'),
(533, 'AW', 'ABW', 297, 'Aruba', 'América', 'El Caribe', 'AWG', 'Florín arubeño'),
(540, 'NC', 'NCL', 687, 'Nueva Caledonia', 'Oceanía', NULL, NULL, NULL),
(548, 'VU', 'VUT', 678, 'Vanuatu', 'Oceanía', NULL, 'VUV', 'Vatu vanuatense'),
(554, 'NZ', 'NZL', 64, 'Nueva Zelanda', 'Oceanía', NULL, 'NZD', 'Dólar neozelandés'),
(558, 'NI', 'NIC', 505, 'Nicaragua', 'América', 'América Central', 'NIO', 'Córdoba nicaragüense'),
(562, 'NE', 'NER', 227, 'Níger', 'África', NULL, NULL, NULL),
(566, 'NG', 'NGA', 234, 'Nigeria', 'África', NULL, 'NGN', 'Naira nigeriana'),
(570, 'NU', 'NIU', 683, 'Niue', 'Oceanía', NULL, NULL, NULL),
(574, 'NF', 'NFK', 0, 'Isla Norfolk', 'Oceanía', NULL, NULL, NULL),
(578, 'NO', 'NOR', 47, 'Noruega', 'Europa', NULL, 'NOK', 'Corona noruega'),
(580, 'MP', 'MNP', 1670, 'Islas Marianas del Norte', 'Oceanía', NULL, NULL, NULL),
(581, 'UM', 'UMI', 0, 'Islas Ultramarinas de Estados Unidos', NULL, NULL, NULL, NULL),
(583, 'FM', 'FSM', 691, 'Micronesia', 'Oceanía', NULL, NULL, NULL),
(584, 'MH', 'MHL', 692, 'Islas Marshall', 'Oceanía', NULL, NULL, NULL),
(585, 'PW', 'PLW', 680, 'Palaos', 'Oceanía', NULL, NULL, NULL),
(586, 'PK', 'PAK', 92, 'Pakistán', 'Asia', NULL, 'PKR', 'Rupia pakistaní'),
(591, 'PA', 'PAN', 507, 'Panamá', 'América', 'América Central', 'PAB', 'Balboa panameña'),
(598, 'PG', 'PNG', 675, 'Papúa Nueva Guinea', 'Oceanía', NULL, 'PGK', 'Kina de Papúa Nueva Guinea'),
(600, 'PY', 'PRY', 595, 'Paraguay', 'América', 'América del Sur', 'PYG', 'Guaraní paraguayo'),
(604, 'PE', 'PER', 51, 'Perú', 'América', 'América del Sur', 'PEN', 'Nuevo sol peruano'),
(608, 'PH', 'PHL', 63, 'Filipinas', 'Asia', NULL, 'PHP', 'Peso filipino'),
(612, 'PN', 'PCN', 870, 'Islas Pitcairn', 'Oceanía', NULL, NULL, NULL),
(616, 'PL', 'POL', 48, 'Polonia', 'Europa', NULL, 'PLN', 'zloty polaco'),
(620, 'PT', 'PRT', 351, 'Portugal', 'Europa', NULL, 'EUR', 'Euro'),
(624, 'GW', 'GNB', 245, 'Guinea-Bissau', 'África', NULL, NULL, NULL),
(626, 'TL', 'TLS', 670, 'Timor Oriental', 'Asia', NULL, NULL, NULL),
(630, 'PR', 'PRI', 1, 'Puerto Rico', 'América', 'El Caribe', NULL, NULL),
(634, 'QA', 'QAT', 974, 'Qatar', 'Asia', NULL, 'QAR', 'Rial qatarí'),
(638, 'RE', 'REU', 262, 'Reunión', 'África', NULL, NULL, NULL),
(642, 'RO', 'ROU', 40, 'Rumania', 'Europa', NULL, 'RON', 'Leu rumano'),
(643, 'RU', 'RUS', 7, 'Rusia', 'Asia', NULL, 'RUB', 'Rublo ruso'),
(646, 'RW', 'RWA', 250, 'Ruanda', 'África', NULL, 'RWF', 'Franco ruandés'),
(654, 'SH', 'SHN', 290, 'Santa Helena', 'África', NULL, 'SHP', 'Libra de Santa Helena'),
(659, 'KN', 'KNA', 1869, 'San Cristóbal y Nieves', 'América', 'El Caribe', NULL, NULL),
(660, 'AI', 'AIA', 1264, 'Anguila', 'América', 'El Caribe', NULL, NULL),
(662, 'LC', 'LCA', 1758, 'Santa Lucía', 'América', 'El Caribe', NULL, NULL),
(666, 'PM', 'SPM', 508, 'San Pedro y Miquelón', 'América', 'América del Norte', NULL, NULL),
(670, 'VC', 'VCT', 1784, 'San Vicente y las Granadinas', 'América', 'El Caribe', NULL, NULL),
(674, 'SM', 'SMR', 378, 'San Marino', 'Europa', NULL, NULL, NULL),
(678, 'ST', 'STP', 239, 'Santo Tomé y Príncipe', 'África', NULL, 'STD', 'Dobra de Santo Tomé y Príncipe'),
(682, 'SA', 'SAU', 966, 'Arabia Saudí', 'Asia', NULL, 'SAR', 'Riyal saudí'),
(686, 'SN', 'SEN', 221, 'Senegal', 'África', NULL, NULL, NULL),
(688, 'RS', 'SRB', 381, 'Serbia', 'Europa', NULL, NULL, NULL),
(690, 'SC', 'SYC', 248, 'Seychelles', 'África', NULL, 'SCR', 'Rupia de Seychelles'),
(694, 'SL', 'SLE', 232, 'Sierra Leona', 'África', NULL, 'SLL', 'Leone de Sierra Leona'),
(702, 'SG', 'SGP', 65, 'Singapur', 'Asia', NULL, 'SGD', 'Dólar de Singapur'),
(703, 'SK', 'SVK', 421, 'Eslovaquia', 'Europa', NULL, 'SKK', 'Corona eslovaca'),
(704, 'VN', 'VNM', 84, 'Vietnam', 'Asia', NULL, 'VND', 'Dong vietnamita'),
(705, 'SI', 'SVN', 386, 'Eslovenia', 'Europa', NULL, NULL, NULL),
(706, 'SO', 'SOM', 252, 'Somalia', 'África', NULL, 'SOS', 'Chelín somalí'),
(710, 'ZA', 'ZAF', 27, 'Sudáfrica', 'África', NULL, 'ZAR', 'Rand sudafricano'),
(716, 'ZW', 'ZWE', 263, 'Zimbabue', 'África', NULL, 'ZWL', 'Dólar zimbabuense'),
(724, 'ES', 'ESP', 34, 'España', 'Europa', NULL, 'EUR', 'Euro'),
(732, 'EH', 'ESH', 0, 'Sahara Occidental', 'África', NULL, NULL, NULL),
(736, 'SD', 'SDN', 249, 'Sudán', 'África', NULL, 'SDD', 'Dinar sudanés'),
(740, 'SR', 'SUR', 597, 'Surinam', 'América', 'América del Sur', 'SRD', 'Dólar surinamés'),
(744, 'SJ', 'SJM', 0, 'Svalbard y Jan Mayen', 'Europa', NULL, NULL, NULL),
(748, 'SZ', 'SWZ', 268, 'Suazilandia', 'África', NULL, 'SZL', 'Lilangeni suazi'),
(752, 'SE', 'SWE', 46, 'Suecia', 'Europa', NULL, 'SEK', 'Corona sueca'),
(756, 'CH', 'CHE', 41, 'Suiza', 'Europa', NULL, 'CHF', 'Franco suizo'),
(760, 'SY', 'SYR', 963, 'Siria', 'Asia', NULL, 'SYP', 'Libra siria'),
(762, 'TJ', 'TJK', 992, 'Tayikistán', 'Asia', NULL, 'TJS', 'Somoni tayik (de Tayikistán)'),
(764, 'TH', 'THA', 66, 'Tailandia', 'Asia', NULL, 'THB', 'Baht tailandés'),
(768, 'TG', 'TGO', 228, 'Togo', 'África', NULL, NULL, NULL),
(772, 'TK', 'TKL', 690, 'Tokelau', 'Oceanía', NULL, NULL, NULL),
(776, 'TO', 'TON', 676, 'Tonga', 'Oceanía', NULL, 'TOP', 'Pa\'anga tongano'),
(780, 'TT', 'TTO', 1868, 'Trinidad y Tobago', 'América', 'El Caribe', 'TTD', 'Dólar de Trinidad y Tobago'),
(784, 'AE', 'ARE', 971, 'Emiratos Árabes Unidos', 'Asia', NULL, 'AED', 'Dirham de los Emiratos Árabes Unidos'),
(788, 'TN', 'TUN', 216, 'Túnez', 'África', NULL, 'TND', 'Dinar tunecino'),
(792, 'TR', 'TUR', 90, 'Turquía', 'Asia', NULL, 'TRY', 'Lira turca'),
(795, 'TM', 'TKM', 993, 'Turkmenistán', 'Asia', NULL, 'TMM', 'Manat turcomano'),
(796, 'TC', 'TCA', 1649, 'Islas Turcas y Caicos', 'América', 'El Caribe', NULL, NULL),
(798, 'TV', 'TUV', 688, 'Tuvalu', 'Oceanía', NULL, NULL, NULL),
(800, 'UG', 'UGA', 256, 'Uganda', 'África', NULL, 'UGX', 'Chelín ugandés'),
(804, 'UA', 'UKR', 380, 'Ucrania', 'Europa', NULL, 'UAH', 'Grivna ucraniana'),
(807, 'MK', 'MKD', 389, 'Macedonia', 'Europa', NULL, 'MKD', 'Denar macedonio'),
(818, 'EG', 'EGY', 20, 'Egipto', 'África', NULL, 'EGP', 'Libra egipcia'),
(826, 'GB', 'GBR', 44, 'Reino Unido', 'Europa', NULL, 'GBP', 'Libra esterlina (libra de Gran Bretaña)'),
(834, 'TZ', 'TZA', 255, 'Tanzania', 'África', NULL, 'TZS', 'Chelín tanzano'),
(840, 'US', 'USA', 1, 'Estados Unidos', 'América', 'América del Norte', 'USD', 'Dólar estadounidense'),
(850, 'VI', 'VIR', 1340, 'Islas Vírgenes de los Estados Unidos', 'América', 'El Caribe', NULL, NULL),
(854, 'BF', 'BFA', 226, 'Burkina Faso', 'África', NULL, NULL, NULL),
(858, 'UY', 'URY', 598, 'Uruguay', 'América', 'América del Sur', 'UYU', 'Peso uruguayo'),
(860, 'UZ', 'UZB', 998, 'Uzbekistán', 'Asia', NULL, 'UZS', 'Som uzbeko'),
(862, 'VE', 'VEN', 58, 'Venezuela', 'América', 'América del Sur', 'VEB', 'Bolívar venezolano'),
(876, 'WF', 'WLF', 681, 'Wallis y Futuna', 'Oceanía', NULL, NULL, NULL),
(882, 'WS', 'WSM', 685, 'Samoa', 'Oceanía', NULL, 'WST', 'Tala samoana'),
(887, 'YE', 'YEM', 967, 'Yemen', 'Asia', NULL, 'YER', 'Rial yemení (de Yemen)'),
(894, 'ZM', 'ZMB', 260, 'Zambia', 'África', NULL, 'ZMK', 'Kwacha zambiano');

-- --------------------------------------------------------

--
-- Estructura de tabla para la tabla `password_resets`
--

CREATE TABLE `password_resets` (
  `email` varchar(255) NOT NULL,
  `token` varchar(255) NOT NULL,
  `created_at` timestamp NULL DEFAULT NULL
) ENGINE=InnoDB DEFAULT CHARSET=utf8mb4 COLLATE=utf8mb4_unicode_ci;

-- --------------------------------------------------------

--
-- Estructura de tabla para la tabla `personal_access_tokens`
--

CREATE TABLE `personal_access_tokens` (
  `id` bigint(20) UNSIGNED NOT NULL,
  `tokenable_type` varchar(255) NOT NULL,
  `tokenable_id` bigint(20) UNSIGNED NOT NULL,
  `name` varchar(255) NOT NULL,
  `token` varchar(64) NOT NULL,
  `abilities` text DEFAULT NULL,
  `last_used_at` timestamp NULL DEFAULT NULL,
  `expires_at` timestamp NULL DEFAULT NULL,
  `created_at` timestamp NULL DEFAULT NULL,
  `updated_at` timestamp NULL DEFAULT NULL
) ENGINE=InnoDB DEFAULT CHARSET=utf8mb4 COLLATE=utf8mb4_unicode_ci;

-- --------------------------------------------------------

--
-- Estructura de tabla para la tabla `provincias`
--

CREATE TABLE `provincias` (
  `cod` char(2) NOT NULL DEFAULT '00' COMMENT 'Código de la provincia de dos digitos',
  `nombre` varchar(50) NOT NULL DEFAULT '' COMMENT 'Nombre de la provincia',
  `comunidad_id` tinyint(4) NOT NULL COMMENT 'Código de la comunidad a la que pertenece'
) ENGINE=InnoDB DEFAULT CHARSET=utf8 COLLATE=utf8_general_ci COMMENT='Provincias de españa; 99 para seleccionar a Nacional';

--
-- Volcado de datos para la tabla `provincias`
--

INSERT INTO `provincias` (`cod`, `nombre`, `comunidad_id`) VALUES
('01', 'Alava', 16),
('02', 'Albacete', 7),
('03', 'Alicante', 10),
('04', 'Almera', 1),
('05', 'Avila', 8),
('06', 'Badajoz', 11),
('07', 'Balears (Illes)', 4),
('08', 'Barcelona', 9),
('09', 'Burgos', 8),
('10', 'Cáceres', 11),
('11', 'Cádiz', 1),
('12', 'Castellón', 10),
('13', 'Ciudad Real', 7),
('14', 'Córdoba', 1),
('15', 'Coruña (A)', 12),
('16', 'Cuenca', 7),
('17', 'Girona', 9),
('18', 'Granada', 1),
('19', 'Guadalajara', 7),
('20', 'Guipzcoa', 16),
('21', 'Huelva', 1),
('22', 'Huesca', 2),
('23', 'Jaén', 1),
('24', 'León', 8),
('25', 'Lleida', 9),
('26', 'Rioja (La)', 17),
('27', 'Lugo', 12),
('28', 'Madrid', 13),
('29', 'Málaga', 1),
('30', 'Murcia', 14),
('31', 'Navarra', 15),
('32', 'Ourense', 12),
('33', 'Asturias', 3),
('34', 'Palencia', 8),
('35', 'Palmas (Las)', 5),
('36', 'Pontevedra', 12),
('37', 'Salamanca', 8),
('38', 'Santa Cruz de Tenerife', 5),
('39', 'Cantabria', 6),
('40', 'Segovia', 8),
('41', 'Sevilla', 1),
('42', 'Soria', 8),
('43', 'Tarragona', 9),
('44', 'Teruel', 2),
('45', 'Toledo', 7),
('46', 'Valencia', 10),
('47', 'Valladolid', 8),
('48', 'Vizcaya', 16),
('49', 'Zamora', 8),
('50', 'Zaragoza', 2),
('51', 'Ceuta', 18),
('52', 'Melilla', 19);

-- --------------------------------------------------------

--
-- Estructura de tabla para la tabla `tareas`
--

CREATE TABLE `tareas` (
  `id` int(11) NOT NULL,
  `dni` varchar(9) NOT NULL,
  `nombre` varchar(45) DEFAULT NULL,
  `apellido` varchar(45) DEFAULT NULL,
  `telefono` int(11) DEFAULT NULL,
  `correo` varchar(45) DEFAULT NULL,
  `direccion` varchar(45) DEFAULT NULL,
  `poblacion` varchar(45) DEFAULT NULL,
  `codigo_postal` int(11) DEFAULT NULL,
  `provincia` varchar(45) DEFAULT NULL,
  `estado_tarea` varchar(45) DEFAULT NULL,
  `fecha_creacion` datetime DEFAULT NULL,
  `fecha_realizacion` datetime DEFAULT NULL,
  `descripcion` varchar(45) DEFAULT NULL,
  `anotacion_inicio` varchar(45) DEFAULT NULL,
  `anotacion_final` varchar(45) DEFAULT NULL,
  `clientes_id` int(11) NOT NULL,
  `users_id` int(11) NOT NULL,
  `deleted_at` datetime DEFAULT NULL
) ENGINE=InnoDB DEFAULT CHARSET=utf8 COLLATE=utf8_spanish2_ci;

--
-- Volcado de datos para la tabla `tareas`
--

INSERT INTO `tareas` (`id`, `dni`, `nombre`, `apellido`, `telefono`, `correo`, `direccion`, `poblacion`, `codigo_postal`, `provincia`, `estado_tarea`, `fecha_creacion`, `fecha_realizacion`, `descripcion`, `anotacion_inicio`, `anotacion_final`, `clientes_id`, `users_id`, `deleted_at`) VALUES
(1, '77750726P', 'Marc', 'garrido', 625280695, 'marccocmc@gmail.com', 'pepe', 'Huelva', 12212, 'Huelva', 'B', NULL, NULL, 'as', NULL, NULL, 3, 1, '2023-02-17 12:40:33'),
(2, '77750726P', 'Marc', 'garrido', 625280695, 'marccocmc@gmail.com', 'pepe', 'Hong Kong', 12212, 'Huelva', 'P', NULL, NULL, 'pepe', NULL, NULL, 4, 1, '2023-02-17 13:23:20'),
(3, '77750726P', 'Marc', 'garrido', 625280695, 'larastar28.1.1@gmail.com', 'Calle Almanzor 27', 'Aljaraque', 12212, 'Alava', 'B', NULL, NULL, 'Test', NULL, NULL, 3, 1, '2023-02-17 13:23:22'),
(4, '50496027X', 'Lara', 'Lezama', 625280695, 'larastar28.1.1@gmail.com', 'Calle Rafael Alberti 5', 'Sevilla', 41009, 'Sevilla', 'B', '2023-02-16 12:51:07', '2023-02-16 13:33:00', 'Test Descripcion', 'Test Anotacion Inicial', 'Tarea completada sin muchos problemas', 3, 1, NULL),
(6, '77750726P', 'Marc', 'Garrido', 625280695, 'marccocmc@gmail.com', 'Calle Almanzor 27', 'Sevilla', 41009, 'Huelva', 'P', '2023-02-16 18:43:14', NULL, 'Si', NULL, NULL, 4, 1, NULL),
(7, '77750726P', 'Marc', 'Garrido', 625280695, 'marccocmc@gmail.com', 'Calle Almanzor 27', 'Aljaraque', 41009, 'Alicante', 'B', '2023-02-18 10:15:29', '2023-02-18 10:15:00', 'Test', NULL, NULL, 3, 3, NULL),
(8, '77750726P', 'Marc', 'Garrido', 625280695, 'marccocmc@gmail.com', 'Calle Almanzor 27', 'Aljaraque', 41009, 'Alicante', 'B', '2023-02-18 10:15:29', '2023-02-18 10:15:00', 'Test', NULL, NULL, 3, 3, NULL);

-- --------------------------------------------------------

--
-- Estructura de tabla para la tabla `users`
--

CREATE TABLE `users` (
  `id` bigint(20) UNSIGNED NOT NULL,
  `dni` varchar(9) NOT NULL,
  `name` varchar(255) NOT NULL,
  `email` varchar(255) NOT NULL,
  `email_verified_at` timestamp NULL DEFAULT NULL,
  `password` varchar(255) NOT NULL,
  `telefono` int(12) NOT NULL,
  `direccion` varchar(90) NOT NULL,
  `remember_token` varchar(100) DEFAULT NULL,
  `created_at` timestamp NULL DEFAULT NULL,
  `updated_at` timestamp NULL DEFAULT NULL,
  `tipo` varchar(30) NOT NULL,
  `deleted_at` datetime DEFAULT NULL
) ENGINE=InnoDB DEFAULT CHARSET=utf8mb4 COLLATE=utf8mb4_unicode_ci;

--
-- Volcado de datos para la tabla `users`
--

INSERT INTO `users` (`id`, `dni`, `name`, `email`, `email_verified_at`, `password`, `telefono`, `direccion`, `remember_token`, `created_at`, `updated_at`, `tipo`, `deleted_at`) VALUES
(1, '77750726P', 'Marc', 'marc@gmail.com', NULL, '$2y$10$MSzNfRAnS8AhcG4iARZ7Eu81URarIvEp2iItOBJW6pZwYDQvTpTWW', 625280695, 'Calle Jabugo 8', 'pdeHjguJYoGmalOFTHCIiQZHBFCk7YBJ2sLP2j7l7HWKr5LY3jA50WFsnsAg', '2023-02-14 17:42:15', '2023-02-16 19:34:43', 'Administrador', NULL),
(3, '50496027X', 'Lara', 'lara@gmail.com', NULL, '$2y$10$PJBAqbkWOxr9OkWZAvNdu.wu7iqQqG6LpCVp37TeCNComtSK3Nwh.', 625280695, 'Calle Rafael Alberti 5', NULL, NULL, NULL, 'Operario', NULL),
(5, '77750726P', 'Lara', 'marcss@gmail.com', NULL, '$2y$10$EXxG4L1GDPf6I5o/cSy2YOF7cQwXllA3FPEUgcjRGMoLHtG.KRngK', 625280695, 'cas', NULL, NULL, '2023-02-17 12:10:05', 'Administrador', '2023-02-17 13:10:05');

--
-- Índices para tablas volcadas
--

--
-- Indices de la tabla `clientes`
--
ALTER TABLE `clientes`
  ADD PRIMARY KEY (`id`);

--
-- Indices de la tabla `cuotas`
--
ALTER TABLE `cuotas`
  ADD PRIMARY KEY (`id`);

--
-- Indices de la tabla `failed_jobs`
--
ALTER TABLE `failed_jobs`
  ADD PRIMARY KEY (`id`),
  ADD UNIQUE KEY `failed_jobs_uuid_unique` (`uuid`);

--
-- Indices de la tabla `migrations`
--
ALTER TABLE `migrations`
  ADD PRIMARY KEY (`id`);

--
-- Indices de la tabla `paises`
--
ALTER TABLE `paises`
  ADD PRIMARY KEY (`id`),
  ADD UNIQUE KEY `iso2` (`iso2`),
  ADD UNIQUE KEY `iso3` (`iso3`);

--
-- Indices de la tabla `password_resets`
--
ALTER TABLE `password_resets`
  ADD PRIMARY KEY (`email`);

--
-- Indices de la tabla `personal_access_tokens`
--
ALTER TABLE `personal_access_tokens`
  ADD PRIMARY KEY (`id`),
  ADD UNIQUE KEY `personal_access_tokens_token_unique` (`token`),
  ADD KEY `personal_access_tokens_tokenable_type_tokenable_id_index` (`tokenable_type`,`tokenable_id`);

--
-- Indices de la tabla `tareas`
--
ALTER TABLE `tareas`
  ADD PRIMARY KEY (`id`);

--
-- Indices de la tabla `users`
--
ALTER TABLE `users`
  ADD PRIMARY KEY (`id`),
  ADD UNIQUE KEY `users_email_unique` (`email`);

--
-- AUTO_INCREMENT de las tablas volcadas
--

--
-- AUTO_INCREMENT de la tabla `clientes`
--
ALTER TABLE `clientes`
  MODIFY `id` int(11) NOT NULL AUTO_INCREMENT, AUTO_INCREMENT=6;

--
-- AUTO_INCREMENT de la tabla `cuotas`
--
ALTER TABLE `cuotas`
  MODIFY `id` int(11) NOT NULL AUTO_INCREMENT, AUTO_INCREMENT=2;

--
-- AUTO_INCREMENT de la tabla `failed_jobs`
--
ALTER TABLE `failed_jobs`
  MODIFY `id` bigint(20) UNSIGNED NOT NULL AUTO_INCREMENT;

--
-- AUTO_INCREMENT de la tabla `migrations`
--
ALTER TABLE `migrations`
  MODIFY `id` int(10) UNSIGNED NOT NULL AUTO_INCREMENT, AUTO_INCREMENT=5;

--
-- AUTO_INCREMENT de la tabla `personal_access_tokens`
--
ALTER TABLE `personal_access_tokens`
  MODIFY `id` bigint(20) UNSIGNED NOT NULL AUTO_INCREMENT;

--
-- AUTO_INCREMENT de la tabla `tareas`
--
ALTER TABLE `tareas`
  MODIFY `id` int(11) NOT NULL AUTO_INCREMENT, AUTO_INCREMENT=9;

--
-- AUTO_INCREMENT de la tabla `users`
--
ALTER TABLE `users`
  MODIFY `id` bigint(20) UNSIGNED NOT NULL AUTO_INCREMENT, AUTO_INCREMENT=6;
COMMIT;

/*!40101 SET CHARACTER_SET_CLIENT=@OLD_CHARACTER_SET_CLIENT */;
/*!40101 SET CHARACTER_SET_RESULTS=@OLD_CHARACTER_SET_RESULTS */;
/*!40101 SET COLLATION_CONNECTION=@OLD_COLLATION_CONNECTION */;
